<?xml version="1.0" encoding="UTF-8"?>
<project-private xmlns="http://www.netbeans.org/ns/project-private/1">
    <editor-bookmarks xmlns="http://www.netbeans.org/ns/editor-bookmarks/2" lastBookmarkId="0"/>
    <open-files xmlns="http://www.netbeans.org/ns/projectui-open-files/2">
        <group>
            <file>file:/C:/Users/seren/MPLABXProjects/Madokano_0001.X/main.c</file>
            <file>file:/C:/Users/seren/MPLABXProjects/Madokano_0001.X/uart.h</file>
            <file>file:/C:/Users/seren/MPLABXProjects/Madokano_0001.X/COBS.c</file>
            <file>file:/C:/Users/seren/MPLABXProjects/Madokano_0001.X/DPS310.c</file>
            <file>file:/C:/Users/seren/MPLABXProjects/Madokano_0001.X/COBS.h</file>
            <file>file:/C:/Users/seren/MPLABXProjects/Madokano_0001.X/uart.c</file>
            <file>file:/C:/Users/seren/MPLABXProjects/Madokano_0001.X/DPS310.h</file>
            <file>file:/C:/Users/seren/MPLABXProjects/Madokano_0001.X/i2c.h</file>
            <file>file:/C:/Users/seren/MPLABXProjects/Madokano_0001.X/nbproject/Makefile-default.mk</file>
            <file>file:/C:/Users/seren/MPLABXProjects/Madokano_0001.X/i2c.c</file>
        </group>
    </open-files>
</project-private>
